<?xml version="1.0" encoding="utf-8"?>
<rss version="2.0" xmlns:dc="http://purl.org/dc/elements/1.1/" xmlns:content="http://purl.org/rss/1.0/modules/content/">
    <channel>
        <title>My Site Blog</title>
        <link>https://dev-rishabh.github.io/new-website/blog</link>
        <description>My Site Blog</description>
        <lastBuildDate>Thu, 26 Aug 2021 00:00:00 GMT</lastBuildDate>
        <docs>https://validator.w3.org/feed/docs/rss2.html</docs>
        <generator>https://github.com/jpmonette/feed</generator>
        <item>
            <title><![CDATA[Welcome]]></title>
            <link>https://dev-rishabh.github.io/new-website/blog/welcome</link>
            <guid>welcome</guid>
            <pubDate>Thu, 26 Aug 2021 00:00:00 GMT</pubDate>
            <description><![CDATA[Docusaurus blogging features are powered by the blog plugin.]]></description>
            <content:encoded><![CDATA[<p><a href="https://docusaurus.io/docs/blog" target="_blank" rel="noopener noreferrer">Docusaurus blogging features</a> are powered by the <a href="https://docusaurus.io/docs/api/plugins/@docusaurus/plugin-content-blog" target="_blank" rel="noopener noreferrer">blog plugin</a>.</p><p>Simply add Markdown files (or folders) to the <code>blog</code> directory.</p><p>Regular blog authors can be added to <code>authors.yml</code>.</p><p>The blog post date can be extracted from filenames, such as:</p><ul><li><code>2019-05-30-welcome.md</code></li><li><code>2019-05-30-welcome/index.md</code></li></ul><p>A blog post folder can be convenient to co-locate blog post images:</p><p><img alt="Docusaurus Plushie" src="/new-website/assets/images/docusaurus-plushie-banner-a60f7593abca1e3eef26a9afa244e4fb.jpeg" width="1500" height="500"></p><p>The blog supports tags as well!</p><p><strong>And if you don't want a blog</strong>: just delete this directory, and use <code>blog: false</code> in your Docusaurus config.</p>]]></content:encoded>
            <category>facebook</category>
            <category>hello</category>
            <category>docusaurus</category>
        </item>
        <item>
            <title><![CDATA[MDX Blog Post]]></title>
            <link>https://dev-rishabh.github.io/new-website/blog/mdx-blog-post</link>
            <guid>mdx-blog-post</guid>
            <pubDate>Sun, 01 Aug 2021 00:00:00 GMT</pubDate>
            <description><![CDATA[Blog posts support Docusaurus Markdown features, such as MDX.]]></description>
            <content:encoded><![CDATA[<p>Blog posts support <a href="https://docusaurus.io/docs/markdown-features" target="_blank" rel="noopener noreferrer">Docusaurus Markdown features</a>, such as <a href="https://mdxjs.com/" target="_blank" rel="noopener noreferrer">MDX</a>.</p><div class="admonition admonition-tip alert alert--success"><div class="admonition-heading"><h5><span class="admonition-icon"><svg xmlns="http://www.w3.org/2000/svg" width="12" height="16" viewBox="0 0 12 16"><path fill-rule="evenodd" d="M6.5 0C3.48 0 1 2.19 1 5c0 .92.55 2.25 1 3 1.34 2.25 1.78 2.78 2 4v1h5v-1c.22-1.22.66-1.75 2-4 .45-.75 1-2.08 1-3 0-2.81-2.48-5-5.5-5zm3.64 7.48c-.25.44-.47.8-.67 1.11-.86 1.41-1.25 2.06-1.45 3.23-.02.05-.02.11-.02.17H5c0-.06 0-.13-.02-.17-.2-1.17-.59-1.83-1.45-3.23-.2-.31-.42-.67-.67-1.11C2.44 6.78 2 5.65 2 5c0-2.2 2.02-4 4.5-4 1.22 0 2.36.42 3.22 1.19C10.55 2.94 11 3.94 11 5c0 .66-.44 1.78-.86 2.48zM4 14h5c-.23 1.14-1.3 2-2.5 2s-2.27-.86-2.5-2z"></path></svg></span>tip</h5></div><div class="admonition-content"><p>Use the power of React to create interactive blog posts.</p><div class="codeBlockContainer_I0IT language-js theme-code-block"><div class="codeBlockContent_wNvx js"><pre tabindex="0" class="prism-code language-js codeBlock_jd64 thin-scrollbar" style="color:#393A34;background-color:#f6f8fa"><code class="codeBlockLines_mRuA"><span class="token-line" style="color:#393A34"><span class="token operator" style="color:#393A34">&lt;</span><span class="token plain">button onClick</span><span class="token operator" style="color:#393A34">=</span><span class="token punctuation" style="color:#393A34">{</span><span class="token punctuation" style="color:#393A34">(</span><span class="token punctuation" style="color:#393A34">)</span><span class="token plain"> </span><span class="token arrow operator" style="color:#393A34">=&gt;</span><span class="token plain"> </span><span class="token function" style="color:#d73a49">alert</span><span class="token punctuation" style="color:#393A34">(</span><span class="token string" style="color:#e3116c">'button clicked!'</span><span class="token punctuation" style="color:#393A34">)</span><span class="token punctuation" style="color:#393A34">}</span><span class="token operator" style="color:#393A34">&gt;</span><span class="token maybe-class-name">Click</span><span class="token plain"> me</span><span class="token operator" style="color:#393A34">!</span><span class="token operator" style="color:#393A34">&lt;</span><span class="token operator" style="color:#393A34">/</span><span class="token plain">button</span><span class="token operator" style="color:#393A34">&gt;</span><br></span></code></pre><button type="button" aria-label="Copy code to clipboard" class="copyButton_wuS7 clean-btn">Copy</button></div></div><button>Click me!</button></div></div>]]></content:encoded>
            <category>docusaurus</category>
        </item>
        <item>
            <title><![CDATA[Long Blog Post]]></title>
            <link>https://dev-rishabh.github.io/new-website/blog/long-blog-post</link>
            <guid>long-blog-post</guid>
            <pubDate>Wed, 29 May 2019 00:00:00 GMT</pubDate>
            <description><![CDATA[This is the summary of a very long blog post,]]></description>
            <content:encoded><![CDATA[<p>This is the summary of a very long blog post,</p><p>Use a <code>&lt;!--</code> <code>truncate</code> <code>--&gt;</code> comment to limit blog post size in the list view.</p><p>Lorem ipsum dolor sit amet, consectetur adipiscing elit. Pellentesque elementum dignissim ultricies. Fusce rhoncus ipsum tempor eros aliquam consequat. Lorem ipsum dolor sit amet</p><p>Lorem ipsum dolor sit amet, consectetur adipiscing elit. Pellentesque elementum dignissim ultricies. Fusce rhoncus ipsum tempor eros aliquam consequat. Lorem ipsum dolor sit amet</p><p>Lorem ipsum dolor sit amet, consectetur adipiscing elit. Pellentesque elementum dignissim ultricies. Fusce rhoncus ipsum tempor eros aliquam consequat. Lorem ipsum dolor sit amet</p><p>Lorem ipsum dolor sit amet, consectetur adipiscing elit. Pellentesque elementum dignissim ultricies. Fusce rhoncus ipsum tempor eros aliquam consequat. Lorem ipsum dolor sit amet</p><p>Lorem ipsum dolor sit amet, consectetur adipiscing elit. Pellentesque elementum dignissim ultricies. Fusce rhoncus ipsum tempor eros aliquam consequat. Lorem ipsum dolor sit amet</p><p>Lorem ipsum dolor sit amet, consectetur adipiscing elit. Pellentesque elementum dignissim ultricies. Fusce rhoncus ipsum tempor eros aliquam consequat. Lorem ipsum dolor sit amet</p><p>Lorem ipsum dolor sit amet, consectetur adipiscing elit. Pellentesque elementum dignissim ultricies. Fusce rhoncus ipsum tempor eros aliquam consequat. Lorem ipsum dolor sit amet</p><p>Lorem ipsum dolor sit amet, consectetur adipiscing elit. Pellentesque elementum dignissim ultricies. Fusce rhoncus ipsum tempor eros aliquam consequat. Lorem ipsum dolor sit amet</p><p>Lorem ipsum dolor sit amet, consectetur adipiscing elit. Pellentesque elementum dignissim ultricies. Fusce rhoncus ipsum tempor eros aliquam consequat. Lorem ipsum dolor sit amet</p><p>Lorem ipsum dolor sit amet, consectetur adipiscing elit. Pellentesque elementum dignissim ultricies. Fusce rhoncus ipsum tempor eros aliquam consequat. Lorem ipsum dolor sit amet</p><p>Lorem ipsum dolor sit amet, consectetur adipiscing elit. Pellentesque elementum dignissim ultricies. Fusce rhoncus ipsum tempor eros aliquam consequat. Lorem ipsum dolor sit amet</p><p>Lorem ipsum dolor sit amet, consectetur adipiscing elit. Pellentesque elementum dignissim ultricies. Fusce rhoncus ipsum tempor eros aliquam consequat. Lorem ipsum dolor sit amet</p><p>Lorem ipsum dolor sit amet, consectetur adipiscing elit. Pellentesque elementum dignissim ultricies. Fusce rhoncus ipsum tempor eros aliquam consequat. Lorem ipsum dolor sit amet</p><p>Lorem ipsum dolor sit amet, consectetur adipiscing elit. Pellentesque elementum dignissim ultricies. Fusce rhoncus ipsum tempor eros aliquam consequat. Lorem ipsum dolor sit amet</p><p>Lorem ipsum dolor sit amet, consectetur adipiscing elit. Pellentesque elementum dignissim ultricies. Fusce rhoncus ipsum tempor eros aliquam consequat. Lorem ipsum dolor sit amet</p><p>Lorem ipsum dolor sit amet, consectetur adipiscing elit. Pellentesque elementum dignissim ultricies. Fusce rhoncus ipsum tempor eros aliquam consequat. Lorem ipsum dolor sit amet</p>]]></content:encoded>
            <category>hello</category>
            <category>docusaurus</category>
        </item>
        <item>
            <title><![CDATA[First Blog Post]]></title>
            <link>https://dev-rishabh.github.io/new-website/blog/first-blog-post</link>
            <guid>first-blog-post</guid>
            <pubDate>Tue, 28 May 2019 00:00:00 GMT</pubDate>
            <description><![CDATA[Lorem ipsum dolor sit amet, consectetur adipiscing elit. Pellentesque elementum dignissim ultricies. Fusce rhoncus ipsum tempor eros aliquam consequat. Lorem ipsum dolor sit amet]]></description>
            <content:encoded><![CDATA[<p>Lorem ipsum dolor sit amet, consectetur adipiscing elit. Pellentesque elementum dignissim ultricies. Fusce rhoncus ipsum tempor eros aliquam consequat. Lorem ipsum dolor sit amet</p>]]></content:encoded>
            <category>hola</category>
            <category>docusaurus</category>
        </item>
    </channel>
</rss>